image,severity,coverage,usable,glare_method,specular_frac_true,annulus_n_px,annulus_true,annulus_est,annulus_err,annulus_rel_err,interior_n_px,interior_true,interior_est,interior_err,interior_rel_err,extrapolation_penalty
0,0.0,full,True,beamstop_surface,,23848.0,0.026560719500663667,0.08404977207874659,0.05748905257808292,2.164438827669802,67260.0,0.01713323575742136,0.08227257946560311,0.06513934370818175,3.8019288726571263,1.6374900449873242
0,0.25,full,True,beamstop_surface,,16913.0,0.21286286358174983,0.12971442006457723,-0.0831484435171726,-0.3906197733041372,70575.0,0.16676995961736085,0.12093897649621325,-0.0458309831211476,-0.2748155796541703,-0.11580419364996691
0,0.5,partial,True,beamstop_surface,,21181.0,0.28410929311200167,0.21947884344938814,-0.06463044966261353,-0.22748446189380678,65924.0,0.20093728123394614,0.2019613844246407,0.0010241031906945697,0.005096631070180713,-0.22238783082362606
0,0.75,none,False,,,,,,,,,,,,,
0,1.0,partial,True,beamstop_constant,,11430.0,0.5952856051403339,0.45010865616311024,-0.14517694897722366,-0.24387780877550252,72831.0,0.615505559764669,0.4500900859842282,-0.1654154737804408,-0.26874732674012786,0.02486951796462533
1,0.0,full,True,beamstop_surface,,25722.0,0.037616995463196565,0.04763912014537689,0.010022124682180326,0.26642544304171495,67663.0,0.02442414291417319,0.046637334963482165,0.022213192049308973,0.9094768290280018,0.6430513859862867
1,0.25,partial,True,beamstop_surface,,23911.0,0.15705500221373386,0.16554990940645473,0.008494907192720863,0.054088740078206916,68732.0,0.10756273737707743,0.1454162421979534,0.037853504820875974,0.3519202443516735,0.2978315042734666
1,0.5,partial,True,beamstop_surface,,16271.0,0.44405388353963166,0.5787561204117163,0.13470223687208466,0.30334660244011247,73624.0,0.5344552350826315,0.5453924711942606,0.010937236111629112,0.020464269771701495,-0.28288233266841095
1,0.75,partial,True,beamstop_surface,,15138.0,0.48010985056570354,0.8402640525153998,0.3601542019496963,0.7501495783211571,68070.0,0.3679236389522448,0.7332660220531327,0.36534238310088796,0.9929842620096181,0.24283468368846095
1,1.0,partial,True,beamstop_surface,,7715.0,0.8023466345401418,1.5433580839472907,0.7410114494071489,0.92355525343713,87296.0,0.912929610249122,1.9076658741962473,0.9947362639471253,1.0896089389363544,0.1660536854992244
2,0.0,full,True,beamstop_surface,,23783.0,0.027427215416484817,0.041171695264825926,0.01374447984834111,0.5011256024218975,67169.0,0.018859306769966912,0.038014019883262105,0.019154713113295193,1.015663690449042,0.5145380880271444
2,0.25,full,True,beamstop_surface,,22422.0,0.1624598437288316,0.2523580514540531,0.0898982077252215,0.5533564828196824,69435.0,0.10505457323224134,0.21917736624639958,0.11412279301415824,1.0863191339787754,0.532962651159093
2,0.5,partial,True,beamstop_surface,,15570.0,0.35858098461915155,0.5245124589365739,0.1659314743174224,0.46274476738820386,73257.0,0.3273234890748254,0.4774051836792824,0.15008169460445703,0.45851183802500867,-0.0042329293631951925
2,0.75,partial,True,beamstop_surface,,15342.0,0.48135361636053586,0.4305035524993803,-0.05085006386115554,-0.10563972541772414,68212.0,0.5035383232818265,0.41144571936208973,-0.09209260391973673,-0.18289095320395946,0.07725122778623532
2,1.0,none,False,,,,,,,,,,,,,
3,0.0,full,True,beamstop_surface,,26036.0,0.03407100372759517,0.01770918057006904,-0.01636182315752613,-0.48022721280365976,67630.0,0.017940266980607744,0.016691306127548926,-0.0012489608530588184,-0.06961774060602685,-0.4106094721976329
3,0.25,partial,True,beamstop_surface,,16903.0,0.21946374913311498,0.1919322157315026,-0.02753153340161238,-0.12544911635913603,69201.0,0.1637347192072616,0.15189252118488653,-0.011842198022375072,-0.07232551580819441,-0.05312360055094162
3,0.5,partial,True,beamstop_surface,,19696.0,0.32364183039056343,0.2361172258413487,-0.08752460454921474,-0.27043662570932836,69933.0,0.2198003000260439,0.19979157561596653,-0.020008724410077366,-0.09103137897312495,-0.1794052467362034
3,0.75,partial,True,beamstop_surface,,10604.0,0.3955568527110245,0.37283417945135894,-0.022722673259665538,-0.057444772107805374,79315.0,0.3776935653256311,0.004691284747514901,-0.3730022805781162,-0.9875791245120359,0.9301343524042305
3,1.0,partial,True,beamstop_surface,,13569.0,0.39075066242195833,0.6818376068920924,0.29108694447013406,0.7449429328306529,66660.0,0.2755403857526699,0.896529243036885,0.620988857284215,2.253712665705658,1.508769732875005
4,0.0,full,True,beamstop_surface,,21927.0,0.03681053382336464,0.02173850015960228,-0.01507203366376236,-0.40944892937672456,67674.0,0.02434761924221915,0.018599222098084206,-0.005748397144134942,-0.23609688844513935,-0.1733520409315852
4,0.25,full,True,beamstop_surface,,17931.0,0.18991553288385885,0.3207739223625721,0.13085838947871323,0.6890346855343239,76925.0,0.1846982372132052,0.3352859419119651,0.1505877046987599,0.8153174982657251,0.12628281273140118
4,0.5,none,False,,,,,,,,,,,,,
4,0.75,partial,True,beamstop_surface,,17838.0,0.47248819409611065,0.4659773617797553,-0.006510832316355353,-0.013779883598596242,67423.0,0.4556188491665321,0.3836521156412928,-0.0719667335252393,-0.157953810859425,0.14417392726082875
4,1.0,none,False,,,,,,,,,,,,,
5,0.0,full,True,beamstop_surface,,23962.0,0.03074695568950362,0.0399519837335177,0.009205028044014081,0.29938014471970925,67098.0,0.016764552836141783,0.03868671768082044,0.021922164844678654,1.3076498406457855,1.0082696959260762
5,0.25,partial,True,beamstop_surface,,18521.0,0.19642247483254338,0.15589266164427784,-0.04052981318826554,-0.20633999863212465,75766.0,0.16613641397414086,0.13432289859316637,-0.03181351538097449,-0.19149032183833137,-0.014849676793793287
5,0.5,none,False,,,,,,,,,,,,,
5,0.75,none,False,,,,,,,,,,,,,
5,1.0,partial,True,beamstop_surface,,10990.0,0.5954679673755843,0.6456647588037223,0.05019679142813804,0.08429805493882599,78184.0,0.6087200136830704,6.543706974991837e-05,-0.6086545766133205,-0.9998925005449484,0.9155944456061224
6,0.0,full,True,beamstop_surface,,25751.0,0.0394049933522962,0.09808898843194956,0.05868399507965336,1.4892527592885316,67456.0,0.022265273696283772,0.09237870077595084,0.07011342707966707,3.1490036024739947,1.659750843185463
6,0.25,partial,True,beamstop_surface,,22713.0,0.20481324098769282,0.07869051696598757,-0.12612272402170527,-0.6157938003104201,67983.0,0.1302728770432043,0.06012690642600959,-0.07014597061719471,-0.5384541449401719,-0.07733965537024823
6,0.5,partial,True,beamstop_surface,,12946.0,0.4437105952723289,0.4708844364310053,0.02717384115867638,0.061242263421720504,77846.0,0.3698117836913192,0.4722282222737595,0.10241643858244032,0.2769420637713563,0.21569980034963576
6,0.75,partial,True,beamstop_constant,,17077.0,0.37868642492774524,0.5496614679594233,0.17097504303167804,0.4514950412186038,64122.0,0.410853409112799,0.5496565023450432,0.13880309323224416,0.3378409188132988,-0.11365412240530498
6,1.0,partial,True,beamstop_surface,,13475.0,0.7557306619650035,0.91003516688746,0.1543045049224565,0.2041792303639548,69962.0,0.6348391588380143,0.8827523714709128,0.24791321263289845,0.3905134224654154,0.18633419210146063
7,0.0,full,True,beamstop_surface,,27028.0,0.0322992427343486,0.002684191662422117,-0.029615051071926485,-0.9168961425969404,66748.0,0.02195060920934217,0.0019337005205740838,-0.020016908688768088,-0.9119067492782341,-0.004989393318706292
7,0.25,partial,True,beamstop_surface,,22184.0,0.17557801596200928,0.21116395893471235,0.035585942972703066,0.2026788079232139,67981.0,0.11381667373798378,0.1918674192185337,0.07805074548054992,0.6857584474857328,0.48307963956251887
7,0.5,partial,True,beamstop_surface,,19098.0,0.313675247261623,0.33851075726229407,0.02483551000067108,0.07917586809123275,64749.0,0.2757652515445304,0.3140304762483727,0.038265224703842304,0.13876013924714245,0.059584271155909696
7,0.75,partial,True,beamstop_surface,,10779.0,0.4807592935341989,0.8299875493457538,0.3492282558115549,0.726409786577974,77308.0,0.6576430365974794,0.9111987961576571,0.25355575956017773,0.3855522608009769,-0.3408575257769971
7,1.0,partial,True,beamstop_surface,,13940.0,0.383673258452208,0.2768754947933064,-0.10679776365890159,-0.27835602640053364,66111.0,0.3153454086737414,0.28761343568853875,-0.027731972985202635,-0.08794157841661913,-0.1904144479839145
8,0.0,full,True,beamstop_surface,,24434.0,0.02627964066936156,0.029029152798126765,0.002749512128765206,0.10462517974877633,68177.0,0.01774453234988279,0.026085333091092643,0.008340800741209853,0.47004905943688885,0.3654238796881125
8,0.25,none,False,,,,,,,,,,,,,
8,0.5,partial,True,beamstop_surface,,17955.0,0.34043808792765584,0.4240171553036783,0.08357906737602244,0.24550445540565735,65904.0,0.23610601057313074,0.3891009410657478,0.15299493049261703,0.6479925272602446,0.40248807185458724
8,0.75,none,False,,,,,,,,,,,,,
8,1.0,partial,True,beamstop_constant,,10972.0,0.521441513224373,0.30672299447770707,-0.21471851874666598,-0.41177871976271657,70081.0,0.36396678921009074,0.30658340593905664,-0.057383383271034094,-0.15766104208455944,-0.25411767767815713
9,0.0,full,True,beamstop_surface,,21135.0,0.03431634683832418,0.040983012018758154,0.0066666651804339755,0.19427082992962133,67402.0,0.020242505176134892,0.0362651275473059,0.01602262237117101,0.7915335691780405,0.5972627392484192
9,0.25,partial,True,beamstop_surface,,19894.0,0.23757259708174827,0.15780775181305123,-0.07976484526869704,-0.3357493509289294,72164.0,0.19648679595645874,0.1378926679077187,-0.058594128048740035,-0.2982089853087351,-0.037540365620194305
9,0.5,full,True,beamstop_surface,,13484.0,0.4113241003264214,0.6812310330271655,0.26990693270074406,0.6561904164782697,73268.0,0.35515017399942705,0.5960014537980185,0.24085127979859144,0.6781674272781857,0.021977010799915986
9,0.75,partial,True,beamstop_surface,,11526.0,0.4182289233809394,0.5720798576764206,0.15385093429548113,0.3678629709580072,66530.0,0.31195288480618405,0.4068200934778261,0.09486720867164206,0.304107489599216,-0.06375548135879117
9,1.0,partial,True,beamstop_surface,,11044.0,0.6289455166828106,0.6277494270704596,-0.00119608961235107,-0.0019017380371188512,81147.0,0.7079072106641822,1.134459617841291,0.42655240717710874,0.6025541211494414,0.6006523831123225
10,0.0,full,True,beamstop_surface,,25886.0,0.026476569059561174,0.027847374547463034,0.0013708054879018605,0.051774287099590706,67659.0,0.018101028198899523,0.025005323765343368,0.0069042955664438445,0.3814311259325921,0.3296568388330014
10,0.25,full,True,beamstop_surface,,17197.0,0.22637188594765142,0.40988986781506537,0.18351798186741394,0.8106924634177078,74918.0,0.20310771215877516,0.35713371227443874,0.15402600011566359,0.7583463891083417,-0.05234607430936611
10,0.5,partial,True,beamstop_surface,,13880.0,0.3683173587845625,0.25476800058634236,-0.11354935819822015,-0.3082921711127871,68092.0,0.26843329872212046,0.21472723733412047,-0.05370606138799999,-0.20007227733544333,-0.10821989377734378
10,0.75,none,False,,,,,,,,,,,,,
10,1.0,partial,True,beamstop_constant,,9946.0,0.48283487501108224,0.7679793399940197,0.28514446498293744,0.5905631091299953,65410.0,0.4052014187733378,0.7679058474918443,0.3627044287185065,0.8951213197044521,0.30455821057445676
11,0.0,full,True,beamstop_surface,,26253.0,0.029635412270678594,0.11604485427416768,0.08640944200348909,2.915749617864536,67422.0,0.019222529101568346,0.10935214483343605,0.0901296157318677,4.688749084766068,1.7729994669015325
11,0.25,partial,True,beamstop_surface,,22688.0,0.22018045485164459,0.22783951105229427,0.007659056200649689,0.034785359153746344,67893.0,0.14992579017952926,0.19146177259508582,0.04153598241555656,0.2770436118150128,0.24225825266126647
11,0.5,partial,True,beamstop_surface,,18087.0,0.2970989564114323,0.3269243689048734,0.029825412493441117,0.10038881608233559,65191.0,0.2027159502709323,0.3068417218021689,0.10412577153123659,0.5136535698945802,0.41326475381224465
11,0.75,none,False,,,,,,,,,,,,,
11,1.0,partial,True,beamstop_constant,,14475.0,0.4018384497116828,0.2994997662516328,-0.10233868346004998,-0.25467618525175356,67174.0,0.3378176256431738,0.29862558857923993,-0.03919203706393387,-0.1160153706880031,-0.13866081456375046
12,0.0,full,True,beamstop_surface,,23674.0,0.03270645168877158,0.11751219682414354,0.08480574513537197,2.592936278822522,68141.0,0.01699852689941268,0.11092030186730795,0.09392177496789526,5.525289074969218,2.9323527961466964
12,0.25,full,True,beamstop_surface,,23205.0,0.17235312701553493,0.3623371049032233,0.18998397788768837,1.102294928890755,67885.0,0.12672828715748763,0.3275260851733913,0.2007977980159037,1.584474962297632,0.4821800334068769
12,0.5,partial,True,beamstop_surface,,21430.0,0.2900037855082715,0.27685377164854513,-0.013150013859726362,-0.045344283477814454,68390.0,0.210534559605992,0.24453468793135125,0.03400012832535926,0.16149428573146993,0.11615000225365547
12,0.75,none,False,,,,,,,,,,,,,
12,1.0,partial,True,beamstop_surface,,12731.0,0.49763156563969374,0.6644316998185665,0.1668001341788728,0.33518800995763826,62969.0,0.5684091412910112,0.7248625858441105,0.15645344455309929,0.2752479388310876,-0.05994007112655064
13,0.0,full,True,beamstop_surface,,15404.0,0.033079623838731594,0.06589999321288145,0.03282036937414986,0.9921627142483348,67379.0,0.020917239915730378,0.061695563854341856,0.04077832393861148,1.949507874982348,0.9573451607340132
13,0.25,partial,True,beamstop_surface,,19409.0,0.1911224020809774,0.343649323412179,0.15252692133120163,0.7980588338701232,68038.0,0.1561380353304585,0.31550143497811967,0.15936339964766116,1.0206571339928565,0.2225983001227333
13,0.5,none,False,,,,,,,,,,,,,
13,0.75,partial,True,beamstop_surface,,16221.0,0.5456557668158031,0.5692399564678753,0.023584189652072207,0.04322173627834766,69197.0,0.4109662165273737,0.4998027316485443,0.08883651512117058,0.21616500711866504,0.17294327084031738
13,1.0,partial,True,beamstop_surface,,17613.0,0.3568131817687979,0.31980130650412497,-0.03701187526467292,-0.10372900205423265,61543.0,0.27451851765888785,0.35086185881706783,0.07634334115817998,0.278099057977003,0.17437005592277038
14,0.0,full,True,beamstop_surface,,27005.0,0.032923856675393125,0.027713395114998512,-0.005210461560394612,-0.15825793471786206,67542.0,0.017932278121996575,0.02510037152940584,0.007168093407409263,0.39973133132574734,0.24147339660788528
14,0.25,partial,True,beamstop_surface,,16629.0,0.19217622665444345,0.2556232557191203,0.06344702906467686,0.3301502489106649,67791.0,0.19211603119917953,0.22806363588736997,0.03594760468819044,0.1871140292864012,-0.14303621962426372
14,0.5,none,False,,,,,,,,,,,,,
14,0.75,partial,True,beamstop_constant,,13670.0,0.5076617596904407,0.4084157290096885,-0.09924603068075222,-0.19549636896281086,73937.0,0.4185835942290855,0.40838926270450404,-0.010194331524581435,-0.024354350397694294,-0.17114201856511657
14,1.0,none,False,,,,,,,,,,,,,
15,0.0,full,True,beamstop_surface,,23837.0,0.036406919745105536,0.004762637890289312,-0.03164428185481622,-0.869183168374754,67388.0,0.019191335035797633,0.0048951112639424015,-0.014296223771855231,-0.744931175720108,-0.12425199265464593
15,0.25,partial,True,beamstop_surface,,19784.0,0.16202530609701485,0.2124838222161214,0.05045851611910654,0.3114236740827005,69185.0,0.09631315015003766,0.19274620945279694,0.09643305930275928,1.001244992532534,0.6898213184498334
15,0.5,partial,True,beamstop_surface,,13430.0,0.3949805375621118,0.40358893740114676,0.008608399839034941,0.021794491172065018,69827.0,0.2702022549392817,0.3302811006588769,0.06007884571959521,0.22234768445250683,0.2005531932804418
15,0.75,partial,True,beamstop_surface,,14048.0,0.5461411282982388,0.23585719745774963,-0.31028393084048916,-0.5681387369732172,74094.0,0.40160405432597235,0.1995743486297821,-0.20202970569619025,-0.5030569375980641,-0.06508179937515302
15,1.0,partial,True,beamstop_surface,,9944.0,0.6002330044229214,0.34148386346657106,-0.2587491409563503,-0.4310811618983165,76405.0,0.6903099559678918,0.49209146100049983,-0.19821849496739197,-0.28714419262498897,-0.14393696927332755
16,0.0,full,True,beamstop_surface,,23641.0,0.03554779022881393,0.11562398009336705,0.08007618986455312,2.252634814966525,67892.0,0.018983312060697005,0.11313539294367807,0.09415208088298106,4.9597288703857565,2.7070940554192315
16,0.25,none,False,,,,,,,,,,,,,
16,0.5,partial,True,beamstop_surface,,18359.0,0.37803118119443085,0.1595045228936068,-0.21852665830082404,-0.578065168091069,70726.0,0.3813032946067873,0.14298379053085478,-0.23831950407593253,-0.6250129685391141,0.04694780044804514
16,0.75,partial,True,beamstop_surface,,14431.0,0.3595311046859878,0.4767086083573508,0.11717750367136298,0.32591756914524844,67514.0,0.2943292961085009,0.456424012748772,0.16209471664027109,0.5507257306133633,0.22480816146811483
16,1.0,none,False,,,,,,,,,,,,,
17,0.0,full,True,beamstop_surface,,20799.0,0.02935652655292262,0.030467786357714844,0.0011112598047922223,0.037853926716735146,67065.0,0.018338690035149933,0.028472777951533024,0.010134087916383091,0.5526069690342654,0.5147530423175303
17,0.25,partial,True,beamstop_surface,,22395.0,0.17187078649095958,0.13312020470488578,-0.038750581786073796,-0.22546345761972808,67718.0,0.11921862680988884,0.11369118755719453,-0.005527439252694319,-0.046363889608530814,-0.17909956801119725
17,0.5,partial,True,beamstop_surface,,13073.0,0.3376934497478528,0.6015482674086208,0.26385481766076796,0.7813441979931257,71419.0,0.33109499372551054,0.8773334117530116,0.5462384180275011,1.649793649493692,0.8684494515005663
17,0.75,partial,True,beamstop_surface,,10747.0,0.49910597813967306,0.714641560591478,0.21553558245180493,0.43184331963959777,74883.0,0.39323834072651476,0.6249631303790983,0.23172478965258358,0.5892731345180329,0.1574298148784351
17,1.0,partial,True,beamstop_surface,,11499.0,0.49959089466854895,0.8136469499737463,0.31405605530519737,0.6286264594825257,72212.0,0.3625767688711212,1.1415489227885312,0.7789721539174099,2.1484337133422287,1.519807253859703
18,0.0,full,True,beamstop_surface,,25779.0,0.03616275212616975,0.014161919719225844,-0.022000832406943904,-0.608383795851164,67798.0,0.023031074131080752,0.013419972062205767,-0.009611102068874985,-0.4173101963969918,-0.19107359945417218
18,0.25,none,False,,,,,,,,,,,,,
18,0.5,partial,True,beamstop_surface,,19697.0,0.32768786187841303,0.4690058862181629,0.14131802433974988,0.43125803784634914,67118.0,0.2300408887569655,0.3921271301992314,0.1620862414422659,0.7045975275008932,0.2733394896545441
18,0.75,partial,True,beamstop_surface,,12536.0,0.6344731231049514,0.4882493767943177,-0.14622374631063373,-0.23046483922762812,73025.0,0.5336880592545151,0.5510385035855743,0.017350444331059145,0.032510460052816624,-0.19795437917481148
18,1.0,none,False,,,,,,,,,,,,,
19,0.0,full,True,beamstop_surface,,27190.0,0.027081814741727488,0.02869970810281413,0.001617893361086642,0.05974095076404914,66881.0,0.01639649140992611,0.028940339411082237,0.012543848001156127,0.7650324503913277,0.7052914996272786
19,0.25,none,False,,,,,,,,,,,,,
19,0.5,partial,True,beamstop_surface,,19804.0,0.28144960080885595,0.2340223435822121,-0.04742725722664384,-0.16851065729119172,67051.0,0.1880104269346304,0.19309831755083245,0.005087890616202045,0.027061747048588217,-0.1414489102426035
19,0.75,none,False,,,,,,,,,,,,,
19,1.0,partial,True,beamstop_surface,,12013.0,0.4206152715674785,0.24093658527651338,-0.17967868629096514,-0.4271806052627826,63796.0,0.3294577380479399,0.22575149529600774,-0.10370624275193213,-0.3147785915316449,-0.11240201373113773
